{"cameraMode":{"drawMode":0,"name":"Shaded","section":"Shading Mode"},"sceneLighting":true,"audioPlay":false,"sceneViewState":{"showFog":true,"showMaterialUpdate":false,"showSkybox":false,"showFlares":true,"showImageEffects":true,"showParticleSystems":true},"in2DMode":false,"pivot":{"x":-2.626216411590576,"y":-6.509984016418457,"z":-0.3726297616958618},"rotation":{"x":0.25461480021476748,"y":-0.6982062458992004,"z":0.2963482141494751,"w":0.5998809337615967},"size":20.727821350097658,"orthographic":false}